{
    "name": "automation-policy-eventhub",
    "type": "Microsoft.Authorization/policyDefinitions",
    "properties": {
        "displayName": "automation-policy-eventhub",
        "description": "Policy for automation.",
        "mode": "All",
        "metadata": {
            "version": "1.0.0",
            "category": "Automation"
        },
        "parameters": {
            "resourceLocation": {
                "type": "String",
                "metadata": {
                    "displayName": "Resource Location",
                    "description": "Resource Location must be the same as the Event Hub",
                    "strongType": "location"
                }
            },
            "eventHubAuthorizationRuleId": {
                "type": "String",
                "metadata": {
                    "displayName": "Event Hub Authorization Rule Id",
                    "description": "The Event Hub authorization rule Id for Azure Diagnostics. The authorization rule needs to be at Event Hub namespace level. e.g. /subscriptions/{subscription Id}/resourceGroups/{resource group}/providers/Microsoft.EventHub/namespaces/{Event Hub namespace}/authorizationrules/{authorization rule}",
                    "assignPermissions": true
                }
            },
            "eventHubName": {
                "type": "String",
                "metadata": {
                    "displayName": "EventHub name",
                    "description": "The EventHub name to stream activity logs to",
                    "assignPermissions": true
                }
            },
            "diagnosticsSettingNameToUse": {
                "type": "String",
                "metadata": {
                    "displayName": "Diagnostics Setting Name To Use",
                    "description": "The name of the diagnostics setting."
                },
                "defaultValue": "setByPolicyEvtHub"
            }
        },
        "policyRule": {
            "if": {
                "allOf": [
                    {
                        "field": "type",
                        "equals": "Microsoft.Automation/automationAccounts"
                    },
                    {
                        "field": "location",
                        "equals": "[parameters('resourceLocation')]"
                    }
                ]
            },
            "then": {
                "effect": "deployIfNotExists",
                "details": {
                    "type": "Microsoft.Insights/diagnosticSettings",
                    "roleDefinitionIds": [
                        "/providers/Microsoft.Authorization/roleDefinitions/b24988ac-6180-42a0-ab88-20f7382dd24c"
                    ],
                    "existenceCondition": {
                        "allOf": [
                            {
                                "count": {
                                    "field": "Microsoft.Insights/diagnosticSettings/logs[*]",
                                    "where": {
                                        "allOf": [
                                            {
                                                "field": "Microsoft.Insights/diagnosticSettings/logs[*].Category",
                                                "in": [
                                                    "JobLogs",
                                                    "JobStreams",
                                                    "DscNodeStatus"
                                                ]
                                            },
                                            {
                                                "field": "Microsoft.Insights/diagnosticSettings/logs[*].Enabled",
                                                "equals": "True"
                                            }
                                        ]
                                    }
                                },
                                "Equals": 7
                            },
                            {
                                "field": "Microsoft.Insights/diagnosticSettings/eventHubAuthorizationRuleId",
                                "matchInsensitively": "[parameters('eventHubAuthorizationRuleId')]"
                            },
                            {
                                "field": "Microsoft.Insights/diagnosticSettings/eventHubName",
                                "matchInsensitively": "[parameters('eventHubName')]"
                            }
                        ]
                    },
                    "deployment": {
                        "properties": {
                            "mode": "incremental",
                            "template": {
                                "$schema": "http://schema.management.azure.com/schemas/2015-01-01/deploymentTemplate.json#",
                                "contentVersion": "1.0.0.0",
                                "parameters": {
                                    "diagnosticsSettingNameToUse": {
                                        "type": "string"
                                    },
                                    "resourceName": {
                                        "type": "string"
                                    },
                                    "eventHubName": {
                                        "type": "string"
                                    },
                                    "eventHubAuthorizationRuleId": {
                                        "type": "string"
                                    },
                                    "location": {
                                        "type": "string"
                                    }
                                },
                                "variables": {},
                                "resources": [
                                    {
                                        "type": "Microsoft.Automation/automationAccounts/providers/diagnosticSettings",
                                        "apiVersion": "2017-05-01-preview",
                                        "name": "[concat(parameters('resourceName'), '/', 'Microsoft.Insights/', parameters('diagnosticsSettingNameToUse'))]",
                                        "location": "[parameters('location')]",
                                        "dependsOn": [],
                                        "properties": {
                                            "eventHubName": "[parameters('eventHubName')]",
                                            "eventHubAuthorizationRuleId": "[parameters('eventHubAuthorizationRuleId')]",
                                            "metrics": [],
                                            "logs": [
                                                {
                                                    "category": "JobLogs",
                                                    "enabled": true
                                                },
                                                {
                                                    "category": "JobStreams",
                                                    "enabled": true
                                                },
                                                {
                                                    "category": "DscNodeStatus",
                                                    "enabled": true
                                                }
                                            ]
                                        }
                                    }
                                ],
                                "outputs": {}
                            },
                            "parameters": {
                                "diagnosticsSettingNameToUse": {
                                    "value": "[parameters('diagnosticsSettingNameToUse')]"
                                },
                                "eventHubName": {
                                    "value": "[parameters('eventHubName')]"
                                },
                                "eventHubAuthorizationRuleId": {
                                    "value": "[parameters('eventHubAuthorizationRuleId')]"
                                },
                                "location": {
                                    "value": "[field('location')]"
                                },
                                "resourceName": {
                                    "value": "[field('name')]"
                                }
                            }
                        }
                    }
                }
            }
        }
    }
}